{"theta_histogram": [0, 0, 1, 0, 0, 1, 5, 4, 5, 89, 19, 28, 50, 247, 102, 122, 512, 185, 130, 265, 484, 235, 108, 132, 24, 7, 28, 4, 1, 3, 8, 0, 0, 1, 0, 0, 0, 0, 0, 0], "theta_edges": [-4.0, -3.8, -3.6, -3.4, -3.2, -3.0, -2.8, -2.5999999999999996, -2.4, -2.2, -2.0, -1.7999999999999998, -1.5999999999999996, -1.4, -1.1999999999999997, -1.0, -0.7999999999999998, -0.5999999999999996, -0.3999999999999999, -0.19999999999999973, 0.0, 0.20000000000000018, 0.40000000000000036, 0.6000000000000005, 0.8000000000000007, 1.0, 1.2000000000000002, 1.4000000000000004, 1.6000000000000005, 1.8000000000000007, 2.0, 2.2, 2.4000000000000004, 2.6000000000000005, 2.8000000000000007, 3.0, 3.2, 3.4000000000000004, 3.6000000000000005, 3.8000000000000007, 4.0], "theta_mean": -0.3872069433788446, "theta_std": 0.7418113306423508, "n_players": 2800}