{"theta_histogram": [2, 1, 1, 4, 11, 12, 23, 29, 40, 58, 71, 107, 187, 190, 197, 244, 272, 335, 366, 344, 371, 355, 342, 320, 228, 226, 172, 120, 130, 82, 57, 38, 26, 20, 4, 5, 4, 1, 2, 1], "theta_edges": [-4.0, -3.8, -3.6, -3.4, -3.2, -3.0, -2.8, -2.6, -2.4, -2.2, -2.0, -1.8, -1.6, -1.4, -1.2, -1.0, -0.8, -0.6, -0.4, -0.2, 0.0, 0.2, 0.4, 0.6, 0.8, 1.0, 1.2, 1.4, 1.6, 1.8, 2.0, 2.2, 2.4, 2.6, 2.8, 3.0, 3.2, 3.4, 3.6, 3.8, 4.0], "theta_mean": -0.016364555102801513, "theta_std": 1.099499234678823, "n_players": 5000}